,source,target,JW,HPP,p50k_base,cl100k_base,r50k_base,gpt2
0,http://data.doremus.org/expression/fb2eddd7-420f-388d-8e3e-dceb2e8246dc,http://data.doremus.org/expression/24ac166b-c63f-3f08-88e7-ace7bc79cf95,0.48586529255753463,0.23294045919497564,0.1587150303754931,0.21841868192419037,0.1587150303754931,0.1587150303754931
1,http://data.doremus.org/expression/393f054f-6431-3bdd-bf09-a7c482edaa9e,http://data.doremus.org/expression/d4176405-36f8-3a01-a676-1b8fa75796c6,0.5726113007992144,0.42817342663455416,0.290534975881461,0.3727109183302221,0.290534975881461,0.290534975881461
2,http://data.doremus.org/expression/d3240ef9-ab2f-367a-b2db-bd0e75c5ed82,http://data.doremus.org/expression/21133315-2c7f-3a3e-b976-b2d3428d4318,0.5082370807261637,0.27573503083996304,0.32097815800797286,0.19183824759588564,0.32097815800797286,0.32097815800797286
3,http://data.doremus.org/expression/bc3353d6-7a66-3ea8-a081-f9a6ba38f312,http://data.doremus.org/expression/28627b86-46b2-3d05-a2c6-d3347dbc8b4a,0.5961521291731143,0.4062278732269611,0.19153603777715805,0.25280263498544675,0.19153603777715805,0.19153603777715805
4,http://data.doremus.org/expression/9fa7f54f-4f73-316f-a6ae-510ba9e3c6eb,http://data.doremus.org/expression/c8237a45-f7b8-3697-9e79-1da29caa457d,0.6037163135167026,0.4286863374293185,0.2251070262238662,0.2384392849888768,0.2251070262238662,0.2251070262238662
5,http://data.doremus.org/expression/c1d58579-9193-3cc5-b3d1-897fe574e808,http://data.doremus.org/expression/ed8457c2-f5bd-3092-a606-b82749ee046d,0.63018124246597,0.5204983725504211,0.39736128925774866,0.4196648899903489,0.39736128925774866,0.39736128925774866
6,http://data.doremus.org/expression/f2df1eeb-77ba-3274-a805-d9f0af7ad1e0,http://data.doremus.org/expression/0d404069-e238-3af7-952f-3b7c79503d38,0.5145145261090766,0.36132126680293863,0.23148860303973237,0.3321073218655129,0.23148860303973237,0.23148860303973237
7,http://data.doremus.org/expression/a77e2030-f62a-329a-b1db-c7b7ff763aff,http://data.doremus.org/expression/3a741a82-00da-307b-9b19-88c959c0c3a4,0.4086326135087324,0.18188066272684072,0.532999556122407,0.5355039399956845,0.532999556122407,0.532999556122407
8,http://data.doremus.org/expression/885df709-ecf5-3dc8-b69b-c327a9601e70,http://data.doremus.org/expression/65c85b7f-8a7e-38db-a41a-9c7715831c5e,0.5047474363526763,0.2838500075121811,0.23094349185428345,0.2300115053474512,0.23094349185428345,0.23094349185428345
9,http://data.doremus.org/expression/dbd9df1d-c267-3d2e-ba17-307e1bfdd921,http://data.doremus.org/expression/740acd99-e694-3c33-a4cf-89d49c5475fd,0.5722310654749448,0.3555755400896516,0.35176607717443936,0.5286752186070374,0.35176607717443936,0.35176607717443936
10,http://data.doremus.org/expression/707aa24a-7b37-3624-9cc1-2d7cfd203571,http://data.doremus.org/expression/10695d6c-b511-317e-b960-618075a05af9,0.607708051454311,0.5076419276721442,0.5176239261133909,0.41225812300787673,0.5176239261133909,0.5176239261133909
11,http://data.doremus.org/expression/71e0deea-efdd-3d16-8fad-6af0a4becbe6,http://data.doremus.org/expression/918ccf44-d226-3169-920a-fb40317dfc84,0.9761904761904763,0.9998356344510191,0.4250287960077782,0.9867213482360923,0.4250287960077782,0.4250287960077782
12,http://data.doremus.org/expression/70b2a38c-c802-3792-adbd-54faf58d3b23,http://data.doremus.org/expression/6dc8c376-6366-3e72-9183-a81e670a3f95,0.6126798121729107,0.40521813145871644,0.3966767430048357,0.4072440133263385,0.3966767430048357,0.3966767430048357
13,http://data.doremus.org/expression/0f242b66-f2d2-3c65-9b14-e2bf320eae37,http://data.doremus.org/expression/d73a9eb4-4c45-35e2-ab42-ae8ae60492b6,0.5861087313314325,0.43569656962756703,0.3566649780492872,0.2711108355898894,0.3566649780492872,0.3566649780492872
14,http://data.doremus.org/expression/eacbcdfb-d419-3669-b539-6765460393fa,http://data.doremus.org/expression/5695f374-a496-34f1-b7d8-e4453725982d,0.4935753750209191,0.30866412489153,0.2847934395106692,0.34044077777870774,0.2847934395106692,0.2847934395106692
15,http://data.doremus.org/expression/0fd718f1-1ade-37d9-ad84-5c924c49b95b,http://data.doremus.org/expression/cfaf2b92-1314-399d-b0db-298d38e95964,0.5829890284153926,0.4324732279716399,0.28226502522474184,0.2594645795140561,0.28226502522474184,0.28226502522474184
16,http://data.doremus.org/expression/610635a8-0f74-3612-a9fe-6e5069a3c856,http://data.doremus.org/expression/086bc6e9-3fba-3f5b-8f54-e3be4664b5d3,0.5418994130550043,0.3592792905099838,0.36687483800040616,0.2966372913596628,0.36687483800040616,0.36687483800040616
17,http://data.doremus.org/expression/1f8bbcac-c5fa-38d5-bd5b-602dc76a1bda,http://data.doremus.org/expression/dd375904-a992-3b02-85b8-5fa9de742171,0.6129157595601048,0.488451058268541,0.33976584662586173,0.2620551981590316,0.33976584662586173,0.33976584662586173
18,http://data.doremus.org/expression/ca2b5d09-5665-33f4-acef-0a423a6a400a,http://data.doremus.org/expression/5fcf9318-33d3-3b7c-a0f4-8303f01875cc,0.5426795077840686,0.30440567402332,0.29152663748203766,0.25462233063250256,0.29152663748203766,0.29152663748203766
19,http://data.doremus.org/expression/b5538672-31a0-342a-8b4b-a421bef03124,http://data.doremus.org/expression/d1a38fac-f785-3b69-ad1d-c36e03bf0140,0.6042605418769181,0.46756508202579633,0.2986651224650354,0.28700266925628265,0.2986651224650354,0.2986651224650354
20,http://data.doremus.org/expression/328b9d20-7c0b-3664-b192-61e001d3243e,http://data.doremus.org/expression/95c5b3e5-c94f-3a64-86a1-ddeef5954edf,0.7148845996656384,0.4903810827532119,0.28937221177994565,0.43235750019141245,0.28937221177994565,0.28937221177994565
21,http://data.doremus.org/expression/dc7e0b98-a6b0-3644-a757-911054c2b445,http://data.doremus.org/expression/c30abea2-b1b2-3d3f-bf5f-673e0b97f5a0,0.6289526597020761,0.37427165611316365,0.48079171037957985,0.3615922561343273,0.48079171037957985,0.48079171037957985
22,http://data.doremus.org/expression/1a5bd434-4f48-3736-8292-d18a17f3d3c9,http://data.doremus.org/expression/cb398bee-82bc-30d0-9f77-ec8a379bd94b,0.6005891334747174,0.45593491330682845,0.2467524921965904,0.2677866598332077,0.2467524921965904,0.2467524921965904
23,http://data.doremus.org/expression/cb1dad55-265e-32c3-b846-669b2c28544e,http://data.doremus.org/expression/e08ee26a-3d21-37d8-ac70-cec3ffac9293,0.33370577281191804,0.20228571428571426,0.246882031280217,0.28867178964592977,0.246882031280217,0.246882031280217
24,http://data.doremus.org/expression/9ddf1c56-08db-3fb9-b448-80d80bac52d9,http://data.doremus.org/expression/6871e59b-1225-3271-b7c5-daefecd2860b,0.6667467034345079,0.48763486575206294,0.3701691506120667,0.3656737779636811,0.3701691506120667,0.3701691506120667
25,http://data.doremus.org/expression/9d7fde70-0f51-382e-8642-c1d8a9bc2c49,http://data.doremus.org/expression/0215fcb7-c83f-3a23-bbea-d37589b33c6f,0.6120410197725127,0.43230139145811686,0.3494854837263292,0.3699135044824903,0.3494854837263292,0.3494854837263292
26,http://data.doremus.org/expression/a2d27019-eaa5-3678-b286-0efe47b6a1d4,http://data.doremus.org/expression/9e22589b-7d14-3c06-9e9f-844e6d229c0a,0.5540717462668127,0.40240537459670234,0.3066738486803646,0.22735052307427384,0.3066738486803646,0.3066738486803646
27,http://data.doremus.org/expression/8395335e-bc0a-31e1-9e18-cd5feb0dc88e,http://data.doremus.org/expression/d4fb6436-1a74-3a56-bdb2-1c9cde550f6e,0.5438357996412891,0.3916798281329119,0.2513484496159282,0.2561665142324519,0.2513484496159282,0.2513484496159282
28,http://data.doremus.org/expression/eb9458ef-e2c6-3890-83d0-2b3c41b84d05,http://data.doremus.org/expression/497fea1d-7a99-3510-b8a4-80b673b55f33,0.5436437515522482,0.3940366557427129,0.37447419135667714,0.459731299198423,0.37447419135667714,0.37447419135667714
29,http://data.doremus.org/expression/4b736a1b-3ece-354a-9c03-e85688e6cdce,http://data.doremus.org/expression/cb39626c-85ca-3347-8cec-b8b2ee5bcc05,0.4714348337213296,0.20947225578451456,0.24204358463720682,0.2132006791818206,0.24204358463720682,0.24204358463720682
30,http://data.doremus.org/expression/07ebd1d5-8570-326b-8162-fc760032b971,http://data.doremus.org/expression/5198886f-a8e3-3a9c-b4ef-0fbce43e192d,0.5792580357525791,0.42642109488515206,0.20852507581037635,0.26658248397981976,0.20852507581037635,0.20852507581037635
31,http://data.doremus.org/expression/007834fc-3ebc-3f2d-a6f4-8a167d814e3d,http://data.doremus.org/expression/a02463da-8295-36b3-8a2a-e66127b36ced,0.613934546606387,0.4334273607473385,0.45324367185418224,0.4216956810498724,0.45324367185418224,0.45324367185418224
32,http://data.doremus.org/expression/459828c5-6422-3b9c-ab79-69e9593fb7a1,http://data.doremus.org/expression/d7325d64-79c2-36b5-b543-4f5d5a552e78,0.732230537443193,0.575112490575278,0.5748547209818208,0.550022183508577,0.5748547209818208,0.5748547209818208
33,http://data.doremus.org/expression/11a39542-7c92-3aec-bdad-96bb4a6bd28b,http://data.doremus.org/expression/859f3aeb-3dca-3c32-afa8-af70073fd5a7,0.44277663290077185,0.21349293628500476,0.169370662323864,0.23309247839320618,0.169370662323864,0.169370662323864
34,http://data.doremus.org/expression/188c2f41-a7d6-3e18-a2dd-a7e0dbbfdea8,http://data.doremus.org/expression/8affc140-5ed9-3ce4-9e68-de9c76580184,0.7582621082621082,0.6685801306587427,0.6427860238292877,0.5373566825766206,0.6427860238292877,0.6427860238292877
35,http://data.doremus.org/expression/67557318-a8b2-3cc2-835e-aa901f288f48,http://data.doremus.org/expression/08f69af2-8f8c-326a-a578-1db6c398e8d7,0.5702776918184866,0.38473670945773336,0.4134322665951784,0.3581164568877864,0.4134322665951784,0.4134322665951784
36,http://data.doremus.org/expression/1d2ef0c7-7688-317c-a1ea-456cc7501326,http://data.doremus.org/expression/bf7ef5a4-5677-34da-8448-fcc23d58a14d,0.593901067229582,0.4657879225091987,0.2619677606115493,0.35752970882687224,0.2619677606115493,0.2619677606115493
37,http://data.doremus.org/expression/8af2d252-9528-3575-b037-61006d29fd0f,http://data.doremus.org/expression/fad1c426-a944-3bd3-b207-3e47e6aedb52,0.5645943562610231,0.4163760494173128,0.24026774546975163,0.5370721535703366,0.24026774546975163,0.24026774546975163
38,http://data.doremus.org/expression/d2c6a345-153b-3fd7-ab73-b02187d249f3,http://data.doremus.org/expression/edb35e9f-5d3f-3755-9fa7-e2ce852a2758,0.5928553936794427,0.4210184459130775,0.23022565616518792,0.25834049304242385,0.23022565616518792,0.23022565616518792
39,http://data.doremus.org/expression/bf887b6c-b9ab-33d6-b486-b27e0b6772a3,http://data.doremus.org/expression/63ae37a9-2c21-37c6-abb9-ec29e28093a2,0.20902777777777776,0.12938596491228072,0.3805199571893398,0.21888471373984253,0.3805199571893398,0.3805199571893398
40,http://data.doremus.org/expression/ede2ce69-3873-34ae-be6c-aa0d261ec2a5,http://data.doremus.org/expression/c5548a52-1da2-348d-9eb0-311293232d05,0.6091510418625654,0.47055871170490915,0.29739257063174873,0.2796776335952172,0.29739257063174873,0.29739257063174873
41,http://data.doremus.org/expression/a58465f4-f82c-36fe-a61f-936b301f4313,http://data.doremus.org/expression/6aeb0e49-ec46-3170-88cd-16889ee688e6,0.625418952529908,0.4658899745854345,0.503652492724705,0.4364237839170281,0.503652492724705,0.503652492724705
42,http://data.doremus.org/expression/7f68cbf5-1896-3b68-9a3b-6a0148d6c2e6,http://data.doremus.org/expression/7c6d3167-48cc-3c4b-bfe5-60d691887255,0.6276912175482947,0.438493442827035,0.31232673027737445,0.3957752823900819,0.31232673027737445,0.31232673027737445
43,http://data.doremus.org/expression/81be0098-9f87-3e6e-89be-3e0321a6ef87,http://data.doremus.org/expression/221119ce-c21f-3173-8ddb-f1811053a4c4,0.40133611821967985,0.19341182206202506,0.5366233508677458,0.6651879328863678,0.5366233508677458,0.5366233508677458
44,http://data.doremus.org/expression/2c622e00-5ad4-3698-a642-a2f2db06e19a,http://data.doremus.org/expression/7e4c06d8-d32e-3c59-bc88-38224d82fee2,0.41484659750034075,0.3738337499572183,0.04931086712574653,0.28911570569238515,0.04931086712574653,0.04931086712574653
45,http://data.doremus.org/expression/91d343d9-ad96-37b8-b4eb-87f9906d4cbf,http://data.doremus.org/expression/6797b50b-2d8c-3ace-a576-a8aec1edfc52,0.6387742180011087,0.4771768902066011,0.22295534462074076,0.2802788636534943,0.22295534462074076,0.22295534462074076
46,http://data.doremus.org/expression/a63ec5ae-e04a-3590-85a7-97e375fa4e19,http://data.doremus.org/expression/e326d2f4-afbb-3d9c-bb8a-d30d7476a2a6,0.630230394682222,0.4438245481338997,0.3994688861787978,0.34734129495202437,0.3994688861787978,0.3994688861787978
47,http://data.doremus.org/expression/fbf25147-54a3-39ba-a1ca-baf9c9ded9c0,http://data.doremus.org/expression/545b7476-a5e0-35fb-8096-7476de477f9a,0.5756335720503215,0.32509648944362873,0.32983656836828357,0.22001021759609427,0.32983656836828357,0.32983656836828357
48,http://data.doremus.org/expression/1679d710-4e97-3e72-b4e7-df295236cce2,http://data.doremus.org/expression/b40ca052-64a9-3b2d-aeb4-f1a8510693f2,0.4288790550805433,0.23021454655278636,0.1551148163737365,0.19873780797149287,0.1551148163737365,0.1551148163737365
49,http://data.doremus.org/expression/daa4624c-affa-374d-be27-7a219e8eaf55,http://data.doremus.org/expression/ceb32ba5-9ea1-3b18-871e-541dfcbd2d15,0.6132062045036513,0.3907453034405865,0.27018587642043695,0.1777528865632578,0.27018587642043695,0.27018587642043695
50,http://data.doremus.org/expression/e0821343-fb7b-34f6-97b3-768a806c9dfb,http://data.doremus.org/expression/d33614ce-551e-3fb7-ac54-000ffe0ab437,0.6597870918200966,0.5252709364280708,0.41439610037356245,0.26942850607757596,0.41439610037356245,0.41439610037356245
51,http://data.doremus.org/expression/68e95d62-570e-386a-9bca-a30cebfdc14a,http://data.doremus.org/expression/62a73195-8eae-36e3-ac64-2cb205570db5,0.6057230146663506,0.4263103632924088,0.3160461435615252,0.33557736976521707,0.3160461435615252,0.3160461435615252
52,http://data.doremus.org/expression/08d7f208-4b12-368a-b9c1-1aefaf65aa5f,http://data.doremus.org/expression/50c1b8e9-b7a1-3c38-9738-16437b6cd702,0.3896553182267468,0.1844984802431611,0.19336733683700522,0.5395145786212647,0.19336733683700522,0.19336733683700522
53,http://data.doremus.org/expression/aee1b40f-87ea-33ef-8059-fcf851376c13,http://data.doremus.org/expression/96ba15fb-8696-3978-bd9c-318faddfb43d,0.6547172912924759,0.48470555740413585,0.29673188143451573,0.3770674232130872,0.29673188143451573,0.29673188143451573
54,http://data.doremus.org/expression/8d3487d7-f223-3600-88dd-20c51133d5f3,http://data.doremus.org/expression/521daf03-c32e-3a72-9be8-cadb0a586ab4,0.5724440537156762,0.4521493063088414,0.2997423083329741,0.20854769037480275,0.2997423083329741,0.2997423083329741
55,http://data.doremus.org/expression/d741e577-7592-3867-bebd-880d89fd8b59,http://data.doremus.org/expression/2263baf9-9469-3d17-bc82-7dde9736c014,0.5499366982084345,0.3383507728475988,0.2333632854217985,0.2600319842428936,0.2333632854217985,0.2333632854217985
56,http://data.doremus.org/expression/dc548e32-a200-3d08-9371-0cc7be56b5fb,http://data.doremus.org/expression/6ba08ed7-94cd-370b-8f32-c1a99785dc2d,0.4526009625549204,0.3051835133399629,0.24403010568507083,0.27436471978515137,0.24403010568507083,0.24403010568507083
57,http://data.doremus.org/expression/e89c26ae-6af7-36c9-af61-05c935b3c0c9,http://data.doremus.org/expression/f061d70b-028d-33c6-b1f9-e9f386127abf,0.6582377793673828,0.5315888410793796,0.1647694588387494,0.2343581980648864,0.1647694588387494,0.1647694588387494
58,http://data.doremus.org/expression/f3cafc39-0024-3a32-85e9-a7a8b1d9c333,http://data.doremus.org/expression/29a3dca3-8d28-34e8-9441-23950bb8f05c,0.6286650194162665,0.5244492081179346,0.27779844696083644,0.5169362996316468,0.27779844696083644,0.27779844696083644
59,http://data.doremus.org/expression/14a08fdf-13e8-38b9-9f12-b257b5401bf0,http://data.doremus.org/expression/7ba97606-56c2-321c-9703-9aa617bfe395,0.5635199105933316,0.40238774803571065,0.24538384950650854,0.29362122850312805,0.24538384950650854,0.24538384950650854
60,http://data.doremus.org/expression/1e73ad7c-639b-330a-ace4-4529e59a5299,http://data.doremus.org/expression/6c68facc-a356-3e81-92e8-d7cf9eaece89,0.617067859163368,0.3564640131902177,0.37260830045815263,0.07680146677405955,0.37260830045815263,0.37260830045815263
61,http://data.doremus.org/expression/c7ab0e54-3dcf-331c-9231-cb04de0607cc,http://data.doremus.org/expression/10c7e990-1e08-3e8a-ab17-38ef16186681,0.5577377881857065,0.24820154410063894,0.21641002999070708,0.2057407349329305,0.21641002999070708,0.21641002999070708
62,http://data.doremus.org/expression/f368fb80-b0e8-32be-80c1-ab2b38e39922,http://data.doremus.org/expression/c539a691-5e30-347d-b756-b9317aac9752,0.7888499863657809,0.5699121555523216,0.3474169325403708,0.3666886928386437,0.3474169325403708,0.3474169325403708
63,http://data.doremus.org/expression/60a62d99-51fd-3b0b-ac92-a6c617f5d68b,http://data.doremus.org/expression/38e87596-a073-387c-b82e-a985a924b4c8,0.5416521825423852,0.27146066971559074,0.2962331256377327,0.116553840866562,0.2962331256377327,0.2962331256377327
64,http://data.doremus.org/expression/a76b7c6b-01fa-3645-8ade-514fb0e11168,http://data.doremus.org/expression/c082229f-4143-32b5-aab2-8b665e9a28f1,0.6142711789452459,0.49490346523757056,0.2847809985593122,0.32309405366958505,0.2847809985593122,0.2847809985593122
65,http://data.doremus.org/expression/dbb2dd6a-9b87-3cf7-aff0-4c2392558d72,http://data.doremus.org/expression/7b00f387-525a-3abc-8401-4744af2ecbad,0.5492216677198352,0.39936569732703603,0.34447176291233456,0.3439863330585131,0.34447176291233456,0.34447176291233456
66,http://data.doremus.org/expression/9a207ae7-d7e9-3f16-9b65-3f964118372c,http://data.doremus.org/expression/782ad7d5-82ff-35ea-ad7d-fa9ba2f78e33,0.5671099081347183,0.37779686266801293,0.20248135672019438,0.19375179802653208,0.20248135672019438,0.20248135672019438
67,http://data.doremus.org/expression/e9c9f3f8-22ae-372a-a9a1-c2367e713048,http://data.doremus.org/expression/756d66e5-b116-3370-9da9-b1fbc9c7a956,0.6060128957033772,0.39812003738954016,0.29776774521838795,0.3491492695131013,0.29776774521838795,0.29776774521838795
68,http://data.doremus.org/expression/ccf58331-066e-358b-abe7-932a440974e9,http://data.doremus.org/expression/c9162948-0c21-359c-85b4-f7a340677d4b,0.6012046372243741,0.38286320004073815,0.41605557821739614,0.47053619586873785,0.41605557821739614,0.41605557821739614
69,http://data.doremus.org/expression/ef269cdc-f81d-3293-9b3d-3aaf5aaaade7,http://data.doremus.org/expression/90636dd3-b090-38d8-bbca-7abd4331de54,0.5645494182329626,0.3359353022434646,0.3610379061876193,0.22937518806020427,0.3610379061876193,0.3610379061876193
70,http://data.doremus.org/expression/148cc214-0b74-3f21-9c8f-27a67e401166,http://data.doremus.org/expression/ddae0854-5bb4-381b-91f1-d73f4b7022eb,0.46576656506492536,0.33366601426953035,0.30765910694054666,0.3059560878055843,0.30765910694054666,0.30765910694054666
71,http://data.doremus.org/expression/60b66722-af86-3649-a21a-071935ca95e2,http://data.doremus.org/expression/aae5bfa7-40a2-316d-896a-3c2a34744377,0.6130359920095817,0.4692399040522241,0.4902096433229675,0.298870412586243,0.4902096433229675,0.4902096433229675
72,http://data.doremus.org/expression/438739a2-b2ef-3250-bb67-7805f41d3209,http://data.doremus.org/expression/9be811f7-1a05-38d8-b42e-c9c7a1cdf8c7,0.5875810593883983,0.36069933502150553,0.26048566574948845,0.3078074858895787,0.26048566574948845,0.26048566574948845
73,http://data.doremus.org/expression/4bed5ee8-ce1d-305b-849b-b10444751fcf,http://data.doremus.org/expression/feb0284b-6eac-3f59-a260-2388b13cd787,0.6845951390871033,0.686740404245608,0.41477820057002307,0.2896801775618887,0.41477820057002307,0.41477820057002307
74,http://data.doremus.org/expression/ffe9673d-3067-3add-8c42-c51a77728b42,http://data.doremus.org/expression/24bf3615-f8d9-37c3-89dd-d530bfad7ade,0.4997205544811843,0.34096194293503784,0.4870665269718441,0.3920687429772785,0.4870665269718441,0.4870665269718441
75,http://data.doremus.org/expression/9e6b9e45-77af-3802-8265-b117ded833be,http://data.doremus.org/expression/fff342e8-32ff-31bf-a258-ba0db7b078e5,0.58496847222526,0.3028466772004406,0.2366887935734372,0.22456157932038245,0.2366887935734372,0.2366887935734372
76,http://data.doremus.org/expression/585d86f9-bcdd-3e10-aaa4-be84b1d7e392,http://data.doremus.org/expression/2eb35af3-f880-3fee-936c-b9eda655c4bb,0.5353727431808839,0.26002851819766487,0.1883057244676382,0.3858466129419399,0.1883057244676382,0.1883057244676382
77,http://data.doremus.org/expression/f714b52e-a048-3058-80e0-c283cae1c46f,http://data.doremus.org/expression/2195734d-60ef-3b9e-af86-9bb9d31f608e,0.6849618563890995,0.540376279740204,0.3624109959880793,0.4753204682343243,0.3624109959880793,0.3624109959880793
78,http://data.doremus.org/expression/78a9dd20-2f59-32b3-bf72-6f9e82394a8c,http://data.doremus.org/expression/6fc84b6c-a1eb-3a3d-9fb4-7a72d3146c8b,0.6116487905703593,0.5055261314625243,0.37008667617702956,0.5453460853599893,0.37008667617702956,0.37008667617702956
79,http://data.doremus.org/expression/9de6731a-4855-353e-aebe-9198e383cec7,http://data.doremus.org/expression/af6a1a04-9195-3b82-84bb-e1dd3448e9bd,0.3844988635525008,0.19140178453741294,0.2811313995309808,0.13054162180838866,0.2811313995309808,0.2811313995309808
80,http://data.doremus.org/expression/08c8df71-86c4-318f-a21c-89f092564c4d,http://data.doremus.org/expression/7b963f48-8c1d-3cd0-8b9b-20ecbeb4c677,0.6191407823135658,0.418818535701007,0.4883964446235891,0.6544499912706581,0.4883964446235891,0.4883964446235891
81,http://data.doremus.org/expression/8225cf8b-d712-3e81-a90f-19add2b851dc,http://data.doremus.org/expression/16515dda-a401-3064-a19c-464f549c8126,0.5864194803975278,0.3561299243712051,0.33999668086651735,0.28959945646820456,0.33999668086651735,0.33999668086651735
82,http://data.doremus.org/expression/ca4b9e89-8ddf-33c2-b905-0285631329dc,http://data.doremus.org/expression/740c24f1-65b4-3770-9ffb-9d9d0911b8ba,0.6114327393959632,0.3941605423664638,0.3298232744320806,0.3058006158045038,0.3298232744320806,0.3298232744320806
83,http://data.doremus.org/expression/c3e444f2-a1a8-358d-8b89-eea0a9844acb,http://data.doremus.org/expression/ae4de003-28b6-38dc-a5b1-fb545f2ab8ef,0.5849295528186413,0.271915390739922,0.19741593968481536,0.31425839662415467,0.19741593968481536,0.19741593968481536
84,http://data.doremus.org/expression/605f7e65-7fdd-30a7-88a0-8112f0611ec4,http://data.doremus.org/expression/ab457212-6495-333b-b0ec-b749efe581c5,0.6209869526801322,0.3730759401657365,0.24806976983761453,0.2745483133408415,0.24806976983761453,0.24806976983761453
85,http://data.doremus.org/expression/ca60d535-8410-3fc0-bff2-597e3e75208b,http://data.doremus.org/expression/ef2b7376-ab03-353b-95d7-52ea04e3633f,0.5785285758013031,0.4307134056465231,0.33016454570480064,0.26365149951244016,0.33016454570480064,0.33016454570480064
86,http://data.doremus.org/expression/e257861c-9601-3aad-9849-f2505fc83b2d,http://data.doremus.org/expression/1ef1740e-7bec-39bf-a6f6-be6fb97bd5bf,0.598234499001586,0.3934611091645265,0.3093803833018808,0.3616083407374565,0.3093803833018808,0.3093803833018808
87,http://data.doremus.org/expression/042690c7-43dd-3018-9985-87b5f9e2b157,http://data.doremus.org/expression/dd0724dd-699d-3cd7-8bb5-ee3a23f676cf,0.7366903849662471,0.3623224189134224,0.3518151090076284,0.4353618157139009,0.3518151090076284,0.3518151090076284
88,http://data.doremus.org/expression/e5bcbf23-62da-3c0b-81c9-7dbc12804312,http://data.doremus.org/expression/8098c838-5316-3b41-821b-5e6e05be05e8,0.6025800100931256,0.47878912212666813,0.28726479680191636,0.31482413347280974,0.28726479680191636,0.28726479680191636
89,http://data.doremus.org/expression/f8daaa62-4399-3208-98fd-553aa1fd6abd,http://data.doremus.org/expression/1f7c9ed7-5d16-34ab-ab0d-755de3b27353,0.5209661249792893,0.3154005869522918,0.32323299125235566,0.2752786128290104,0.32323299125235566,0.32323299125235566
90,http://data.doremus.org/expression/51cbf519-6243-303f-91f6-f70fe55a92d8,http://data.doremus.org/expression/8c75ca1f-894a-399e-b7a6-be70f5cd8937,0.599524786022937,0.36102580294757725,0.20489646442087583,0.28396064570457813,0.20489646442087583,0.20489646442087583
91,http://data.doremus.org/expression/e99df21e-e1d1-3647-9546-7d7a1155385c,http://data.doremus.org/expression/937c53f9-9c24-3c33-a988-45661a609cfc,0.6448653769977299,0.5314549323005643,0.3394295590639312,0.5141282860514186,0.3394295590639312,0.3394295590639312
92,http://data.doremus.org/expression/16c09b79-739e-3192-8df9-9e737f19b819,http://data.doremus.org/expression/bd66e4dd-5d9d-3eea-b0ca-0b57cbff655c,0.4096280853611126,0.2631154184172286,0.24672972366640772,0.360839009643942,0.24672972366640772,0.24672972366640772
93,http://data.doremus.org/expression/07df9c39-53d0-32e5-a14e-51035a07e246,http://data.doremus.org/expression/71216dd0-2eda-35d6-9ab9-9e18cb91d998,0.4792418881598075,0.2878791773054877,0.22043123771469497,0.4382738385848782,0.22043123771469497,0.22043123771469497
94,http://data.doremus.org/expression/4fc5c513-9f43-389f-80b8-fae086cd1709,http://data.doremus.org/expression/c95aa4a7-a65b-3f91-acea-ae6c776ac770,0.23841917719468744,0.1448140900195695,0.33657036829922965,0.20555720176982364,0.33657036829922965,0.33657036829922965
95,http://data.doremus.org/expression/ce030dba-7867-3b2c-aff1-bd489cd521a4,http://data.doremus.org/expression/5cf3f03a-3f07-3b55-96d2-28207409ba7c,0.648365314587885,0.40413367368346065,0.35376911608148126,0.3724378674734558,0.35376911608148126,0.35376911608148126
96,http://data.doremus.org/expression/28170bac-00b0-33a3-90c5-b56cbe071511,http://data.doremus.org/expression/065ddfe7-beb2-359d-a2c7-e5195bb9bc37,0.6047597350249105,0.4376512000756859,0.383010149290994,0.34572101287115253,0.383010149290994,0.383010149290994
97,http://data.doremus.org/expression/8b176f79-6cd6-3881-aea8-a2df74c870d1,http://data.doremus.org/expression/b547469f-fc47-3fc9-b722-64f2e7316e3d,0.5077874206006999,0.3106841474499432,0.348805576758953,0.32270863831709423,0.348805576758953,0.348805576758953
98,http://data.doremus.org/expression/39f29402-3cd2-35e5-8555-4a0913fc568b,http://data.doremus.org/expression/ed550f43-7548-3a89-963f-5bf5d0c1d09b,0.633629998328454,0.38169022165738853,0.25204473734174737,0.3040971299839262,0.25204473734174737,0.25204473734174737
99,http://data.doremus.org/expression/9afb7c8e-f3b2-3ee7-b439-cdeec4f5ab93,http://data.doremus.org/expression/2ebcffd2-8b38-3ac9-ace5-b23920fc4f52,0.5053460428460428,0.3833848692320832,0.18975094859065653,0.3255647473839379,0.18975094859065653,0.18975094859065653
100,http://data.doremus.org/expression/7b8ce0d2-eb66-3694-9ddf-eccaf3b59d36,http://data.doremus.org/expression/27867fb0-4219-3fd5-9874-f48bb065a5ed,0.44898434266397,0.31068914970498696,0.28813539585580505,0.2210745350384644,0.28813539585580505,0.28813539585580505
101,http://data.doremus.org/expression/f9dbaa13-d8dd-3320-987a-400a067e3cbc,http://data.doremus.org/expression/1a1ad2af-6d3c-305e-b3c4-698767d43491,0.587387255187574,0.40083972896275705,0.38674116233630584,0.32730748855118685,0.38674116233630584,0.38674116233630584
102,http://data.doremus.org/expression/b318bf3d-4929-30ae-89fb-7f4336324b4e,http://data.doremus.org/expression/f0fc5ea4-4b3e-38c5-a627-5267a387ce8a,0.5889097259824236,0.26513724203290423,0.14039429004937226,0.13528171756574225,0.14039429004937226,0.14039429004937226
103,http://data.doremus.org/expression/e8651031-b8b4-3ec2-8d15-c9e334484b53,http://data.doremus.org/expression/41a53899-040e-388c-82df-93c039d51de0,0.5632148448557177,0.34036113324782613,0.23850029578050985,0.25617871190281954,0.23850029578050985,0.23850029578050985
104,http://data.doremus.org/expression/49011988-7eca-328e-bec0-ecaca0597e6d,http://data.doremus.org/expression/f247cfa4-804c-345a-8154-a435d5017f76,0.5915088482010662,0.38553982910697493,0.23749840605255368,0.22281469624744293,0.23749840605255368,0.23749840605255368
105,http://data.doremus.org/expression/54f41a8e-f092-34f9-8f24-31444c8ed7a7,http://data.doremus.org/expression/a861d449-7b0d-3c5c-9e28-5930010d2051,0.5871003099433515,0.384327930447858,0.17636027129729925,0.26496276922295364,0.17636027129729925,0.17636027129729925
106,http://data.doremus.org/expression/905398b2-fb19-327e-b0dd-1f162f95521e,http://data.doremus.org/expression/534e2cc3-6f9f-31cd-86d7-68496631b17b,0.6110652248426462,0.3331829689431502,0.26527839105821205,0.24388789318176837,0.26527839105821205,0.26527839105821205
107,http://data.doremus.org/expression/7b110121-ea62-3ffb-869c-a01822724f38,http://data.doremus.org/expression/a2e6b03e-74d7-3328-8806-150045b19789,0.5773751343520024,0.30479164862276376,0.17661939355458625,0.25570706271641913,0.17661939355458625,0.17661939355458625
108,http://data.doremus.org/expression/60bc6705-88b6-319f-8a59-55a947eeacba,http://data.doremus.org/expression/9d88a5ac-5850-3f9c-8773-8a439fc30688,0.5281235415445696,0.3641462348663286,0.2115376038162263,0.28430288821977595,0.2115376038162263,0.2115376038162263
109,http://data.doremus.org/expression/e476e90e-2bf6-3591-950f-ba363afe91c3,http://data.doremus.org/expression/bff331bf-ca1f-36ff-ba74-37ec44286967,0.5799892740184792,0.4207592166586059,0.2761789057817364,0.4310264799584344,0.2761789057817364,0.2761789057817364
110,http://data.doremus.org/expression/c6aadaaf-4c49-34b4-b87c-421c9f0e3de2,http://data.doremus.org/expression/06d6ab8f-d8e9-3126-82dc-c83407a93f5e,0.4087509847208536,0.18253685862476138,0.512084081913551,0.534400536551264,0.512084081913551,0.512084081913551
111,http://data.doremus.org/expression/c1710da7-c041-3f99-bf5a-b3b169e3cd5f,http://data.doremus.org/expression/19c9889a-6e43-3db5-a15c-d614e421fe81,0.5971355027251638,0.3053714018871945,0.23955351176808015,0.21555565711865154,0.23955351176808015,0.23955351176808015
112,http://data.doremus.org/expression/3be0f3fd-2239-3f38-ac0c-7efd0328abc8,http://data.doremus.org/expression/138cc4d0-8a67-341c-b572-98f2912abb85,0.7474316105354922,0.4626076575402173,0.46711815217962294,0.341594292619127,0.46711815217962294,0.46711815217962294
113,http://data.doremus.org/expression/b50e6844-95d4-3d0e-a8e4-04a2028438f6,http://data.doremus.org/expression/f629dd66-cd0b-3dc6-82ce-cddf026cb6a4,0.4564248632927471,0.35069345413585207,0.5088288397997703,0.4562965624125263,0.5088288397997703,0.5088288397997703
114,http://data.doremus.org/expression/54f3479e-9003-3f1f-9fb3-16a68b3a1e7d,http://data.doremus.org/expression/9f0dc14f-39ec-37df-a760-5caff6dd1be0,0.5083670750730525,0.2940865071465516,0.381531817491349,0.2732305108345362,0.381531817491349,0.381531817491349
115,http://data.doremus.org/expression/0f51dd86-b1f9-3a7d-b4f0-4131cc6d2c45,http://data.doremus.org/expression/b0dcb942-99f8-3c4f-9811-6f2a0529d172,0.6389866487905703,0.4116101962802347,0.4699706762877944,0.4548984527379,0.4699706762877944,0.4699706762877944
116,http://data.doremus.org/expression/e93ad736-8425-3913-a699-f96372f98cfa,http://data.doremus.org/expression/827eb474-425e-31fc-871b-15049eb5c7e2,0.37800870175209617,0.2177457449470639,0.20557448364681546,0.3993195727233684,0.20557448364681546,0.20557448364681546
117,http://data.doremus.org/expression/0c71a8de-8db5-3057-8283-3be6ac2cac3d,http://data.doremus.org/expression/102de0a4-a4a1-34d5-9bd7-e10f0eea122c,0.5351789114969977,0.27840352009795444,0.16225450157425567,0.206249687584236,0.16225450157425567,0.16225450157425567
118,http://data.doremus.org/expression/57d6469e-44c7-373b-9f0c-5e74bd77ddff,http://data.doremus.org/expression/22e27b33-baf2-3237-a653-26399f32afa4,0.4641793964961433,0.2562573589994214,0.5106319717733511,0.4207372733759967,0.5106319717733511,0.5106319717733511
119,http://data.doremus.org/expression/9c7c8cf1-cdf7-306e-b2ec-d2d6670dda83,http://data.doremus.org/expression/f55c828b-7e28-3e32-8004-51e4844ac58a,0.5969690820355037,0.4410167880282387,0.23303244558318478,0.3290709981333971,0.23303244558318478,0.23303244558318478
120,http://data.doremus.org/expression/51606c26-1544-3081-b1dc-9fe5a0278190,http://data.doremus.org/expression/6f9c4f48-3925-370a-8599-4ece14578148,0.6471523238534828,0.5364590352107172,0.39780113282259827,0.36086457275691036,0.39780113282259827,0.39780113282259827
121,http://data.doremus.org/expression/2bc49a71-869e-3513-8c14-81ffab055d0f,http://data.doremus.org/expression/35be40b0-fde5-34ff-92eb-e6ede772339f,0.7479705249000207,0.6453073154352086,0.3626577667775077,0.6364650507488852,0.3626577667775077,0.3626577667775077
122,http://data.doremus.org/expression/aed0815c-d793-359e-afe7-758216b1a90f,http://data.doremus.org/expression/2218309c-2a8d-3890-8263-54b91e229d3b,0.586096526417285,0.4667520701284933,0.33374212015183885,0.36170893670663185,0.33374212015183885,0.33374212015183885
123,http://data.doremus.org/expression/6abdbd49-534c-3142-99a3-39bcdc503be9,http://data.doremus.org/expression/97b6a0d6-2d27-31d4-923a-8469c087314f,0.5227435659169841,0.22057211314348565,0.23094291731858313,0.1655931334073982,0.23094291731858313,0.23094291731858313
124,http://data.doremus.org/expression/34ed7aa9-2380-39a5-87bc-5cd6d3eef392,http://data.doremus.org/expression/700c3d73-3e6d-3b29-b09b-73cadb5cd536,0.527959306103974,0.32035998314532094,0.21335176515549675,0.13790593009602167,0.21335176515549675,0.21335176515549675
125,http://data.doremus.org/expression/05564c4f-b925-31e0-87b7-487f12b49e38,http://data.doremus.org/expression/c9e59cb2-e638-32a8-9cdc-4cf24e27c0df,0.4536602015156497,0.24863478289820856,0.13312793443278195,0.22488789607356757,0.13312793443278195,0.13312793443278195
126,http://data.doremus.org/expression/61ee2f32-6015-37db-95d2-1b9f23fe5355,http://data.doremus.org/expression/81c76715-9280-3fe7-8940-e44011edba7f,0.6834787915008222,0.4528384344129271,0.48302291062233876,0.36181831111676316,0.48302291062233876,0.48302291062233876
127,http://data.doremus.org/expression/110fc9e4-5399-3980-ad6e-d28b2133e9e2,http://data.doremus.org/expression/1660b8a7-d6f4-354e-8551-472fc7f22a92,0.5845869510339137,0.4211552965169569,0.34976210672706437,0.5161619249262487,0.34976210672706437,0.34976210672706437
128,http://data.doremus.org/expression/776fee4a-c0fe-3399-ae18-5fcc3aaf4b8b,http://data.doremus.org/expression/7b21072c-fbcb-3895-b12e-1f7b6d3880af,0.2384823848238482,0.21668667466986793,0.16641792538981567,0.22104248657598632,0.16641792538981567,0.16641792538981567
129,http://data.doremus.org/expression/458ee873-3e79-3b05-b9ac-3e7dc2630c28,http://data.doremus.org/expression/81b10201-68ff-31bc-afec-58510f051bf8,0.6270317039885328,0.45237528613169276,0.29407563997963876,0.35888221823619854,0.29407563997963876,0.29407563997963876
130,http://data.doremus.org/expression/c0d35e35-26d2-3eff-a0ae-bcac8da0dcae,http://data.doremus.org/expression/8a7f3d42-8340-3cd0-9604-e7d4c498c1ed,0.5827254862987719,0.4159161144485443,0.30656105166475217,0.32948944359446464,0.30656105166475217,0.30656105166475217
131,http://data.doremus.org/expression/f5758725-4d79-3de4-93aa-717bb87deae4,http://data.doremus.org/expression/d0b2698f-d178-30fd-91cc-3c61a5cda9c1,0.5768485951868776,0.30672950853632414,0.09983604080070675,0.16150887391174357,0.09983604080070675,0.09983604080070675
132,http://data.doremus.org/expression/f8b995bf-c5dd-3742-9aa0-7df6606c4b9b,http://data.doremus.org/expression/70f355a7-66b5-34ca-b127-f1515eca21f9,0.5240563747671814,0.3136630898882734,0.35662974143346254,0.46326801953156627,0.35662974143346254,0.35662974143346254
133,http://data.doremus.org/expression/6845014f-01fa-39f5-9af8-3f38ab36d1ba,http://data.doremus.org/expression/175c3f8b-f618-3ae6-b1df-5110fd982ff6,0.6059318660748284,0.4904469863020131,0.6034043878237979,0.3639608656415774,0.6034043878237979,0.6034043878237979
134,http://data.doremus.org/expression/f89fa32a-cd71-3509-bf72-962029d8726b,http://data.doremus.org/expression/a32db03b-3436-3035-8c94-176ca372a15c,0.5026482691276489,0.34533995156827924,0.4637479907178164,0.39152790614556343,0.4637479907178164,0.4637479907178164
135,http://data.doremus.org/expression/d3048b29-701c-384a-af18-b0b387cea366,http://data.doremus.org/expression/5168281c-9982-329d-af2f-120d96d6b6cc,0.590942744000114,0.3354944241139428,0.34038739431637016,0.25311326072136925,0.34038739431637016,0.34038739431637016
136,http://data.doremus.org/expression/f170cd50-8d93-356e-b15e-bb0983cef5de,http://data.doremus.org/expression/d2f209b3-47af-3f76-ab97-f9fb3c2a2f4a,0.60894734563321,0.39171132465156183,0.31051081242113093,0.2581778776559885,0.31051081242113093,0.31051081242113093
137,http://data.doremus.org/expression/f96f8a54-45d3-3d39-9e98-72a74d9c32a6,http://data.doremus.org/expression/0214a217-0f89-3bb0-a629-9247085d32a4,0.6192940164284164,0.5231054840802057,0.39305984242662706,0.30732578732993354,0.39305984242662706,0.39305984242662706
138,http://data.doremus.org/expression/14427784-795e-3cb6-9cb0-8425bf979e7c,http://data.doremus.org/expression/d5f47b30-238a-3148-a671-42ee72939e5c,0.5415335236115636,0.3407234177139305,0.3574430950882566,0.0647528911540663,0.3574430950882566,0.3574430950882566
139,http://data.doremus.org/expression/ffa310ff-850c-3098-91e7-b23ffbe354cd,http://data.doremus.org/expression/fdcdc245-6541-3774-bd2c-f43e93fc222b,0.6550383984310527,0.4566594683045851,0.33010878904686786,0.33632340825364887,0.33010878904686786,0.33010878904686786
140,http://data.doremus.org/expression/2a82276a-85bc-3bc4-88f6-d7deed0ceccc,http://data.doremus.org/expression/4b1ff8d4-4bee-3689-9525-2a6992f52045,0.6214476870404373,0.4265573961342044,0.3303662054275512,0.37068047812432775,0.3303662054275512,0.3303662054275512
141,http://data.doremus.org/expression/cdf510dc-8613-3c86-9442-a06c2535f373,http://data.doremus.org/expression/94f43c92-bf5c-3fc6-b155-f06a3a5c941b,0.5768452297550658,0.5187778622014327,0.0458224475971168,0.0964333759505989,0.0458224475971168,0.0458224475971168
142,http://data.doremus.org/expression/ee68c6af-157f-34d6-85b5-caf142c9700f,http://data.doremus.org/expression/fb5e11a3-29e6-37fc-b326-f2a9f7cbd635,0.8199588477366255,0.6263504027290792,0.549680027558517,0.6913514184759635,0.549680027558517,0.549680027558517
143,http://data.doremus.org/expression/628fea02-2450-3bd0-ae08-e16f361991c4,http://data.doremus.org/expression/7c1f5cef-7b78-3449-9a3e-0fb196fc75a5,0.5717180729381165,0.3692169288022285,0.2293730226993671,0.23307350490551845,0.2293730226993671,0.2293730226993671
144,http://data.doremus.org/expression/6e8f4553-84e1-3b00-89f8-e335a4dfa8fc,http://data.doremus.org/expression/b903d413-9d2b-3883-b6df-35947a6b780f,0.694580327080327,0.43427017302424864,0.31650553901416173,0.5087204332857159,0.31650553901416173,0.31650553901416173
145,http://data.doremus.org/expression/21ba1043-62a7-3635-915e-0eca3597632f,http://data.doremus.org/expression/91f44ea7-60ca-30f6-998e-ae589c229011,0.5899680769313774,0.33995397765165597,0.37880989352944056,0.3052145608501657,0.37880989352944056,0.37880989352944056
146,http://data.doremus.org/expression/ebd4bc5e-ff5d-335d-9099-25ab16ee55af,http://data.doremus.org/expression/809fc85f-e58e-364b-80c1-18f0975f2907,0.5848569281241686,0.4338406014497717,0.23110298062420428,0.26353860538436663,0.23110298062420428,0.23110298062420428
147,http://data.doremus.org/expression/69ec6f7d-ae29-334b-8991-6b3ccab7c672,http://data.doremus.org/expression/77caa733-60de-30b9-b615-8405293cfee1,0.6198726015039329,0.38642754743136887,0.28808907899791847,0.27782535437881656,0.28808907899791847,0.28808907899791847
148,http://data.doremus.org/expression/e085b949-bd00-3f0b-a3ab-438f8380dc31,http://data.doremus.org/expression/d1b2c067-9f0c-3015-b7c8-58c0f83eed66,0.5908669194456926,0.33406156894036176,0.2864954491766173,0.2785810130298992,0.2864954491766173,0.2864954491766173
149,http://data.doremus.org/expression/880dd343-2974-3b69-945d-2a5bf311edd7,http://data.doremus.org/expression/56688700-a63a-3c80-932f-5dcef924d3b2,0.6373516202581312,0.38512330538723366,0.3493116981089841,0.3426333272330781,0.3493116981089841,0.3493116981089841
150,http://data.doremus.org/expression/e9991bee-c4ea-3e8b-892e-7032952abab2,http://data.doremus.org/expression/f5eab1c2-cf24-322e-9bfc-8d8dd60308d2,0.49829232155530373,0.29802685136504925,0.4259961185415074,0.4850040837886044,0.4259961185415074,0.4259961185415074
151,http://data.doremus.org/expression/de4183f8-a3bf-3c4d-9504-568b4750c97c,http://data.doremus.org/expression/7665bc36-4238-395c-b475-76099f909c72,0.5438947976728482,0.289857080688495,0.2671517175702292,0.2475254381964539,0.2671517175702292,0.2671517175702292
152,http://data.doremus.org/expression/d0e146c1-ea75-3d24-ad2d-2d4b20fb8884,http://data.doremus.org/expression/c02911da-ac61-3ef9-a16f-0fdc80871b4c,0.5729051076540095,0.3535912291235602,0.2357568760137413,0.23132233593531268,0.2357568760137413,0.2357568760137413
153,http://data.doremus.org/expression/4f8f6095-6393-3421-a108-ec30e4381ab0,http://data.doremus.org/expression/a647362b-e8be-386f-9b8a-43de332b56c0,0.5549009155662186,0.28067502975765135,0.10410594113393898,0.14235022469472963,0.10410594113393898,0.10410594113393898
154,http://data.doremus.org/expression/aa71427b-09e0-31fa-8d77-e0ea296ee063,http://data.doremus.org/expression/14fcd710-2fab-3df6-bdac-d6846fd9b914,0.5234649122807017,0.4485513770938092,0.2707817321242157,0.27407776461103867,0.2707817321242157,0.2707817321242157
155,http://data.doremus.org/expression/a1ec0b9a-3af1-3b69-9026-b0be64565643,http://data.doremus.org/expression/fec11761-45f9-37f3-9a51-03e14a8f07ef,0.6770612737007602,0.6096570233102737,0.5089004654002726,0.455578544318774,0.5089004654002726,0.5089004654002726
156,http://data.doremus.org/expression/41c60f7e-2965-3dd9-a6c6-2a36f61ccd70,http://data.doremus.org/expression/f827686c-c3ae-3972-b314-cf6e7fb49dd8,0.6293915855029021,0.5293262282670234,0.2880933812682907,0.25112234284539925,0.2880933812682907,0.2880933812682907
157,http://data.doremus.org/expression/ef554190-1ae4-3fe8-b844-5c78a203511d,http://data.doremus.org/expression/18f69c8e-a064-3a5b-999a-1f5209d5f25b,0.6156166155638878,0.4639734546079862,0.3221686289367614,0.2324179884551142,0.3221686289367614,0.3221686289367614
158,http://data.doremus.org/expression/258c750b-b430-3b1e-b2ae-3b2a3eb3e169,http://data.doremus.org/expression/4ea0e86b-39de-33a4-ab99-593873f6c017,0.4828172234837062,0.4016248359961038,0.29976303729312165,0.2465205485489738,0.29976303729312165,0.29976303729312165
159,http://data.doremus.org/expression/2a725277-596e-34b6-baa7-b38f80225a39,http://data.doremus.org/expression/5356f52c-0e26-3775-ab38-aa86122f54f6,0.5248167280528373,0.33668040333256466,0.2143674076605648,0.1941107737273591,0.2143674076605648,0.2143674076605648
160,http://data.doremus.org/expression/29bc7b29-d759-3ed3-97bd-73a22b8225c7,http://data.doremus.org/expression/bec8a4c1-3f1c-390e-bac4-936623c67932,0.6698995983935743,0.4040425689352942,0.369860637717897,0.48367262509603903,0.369860637717897,0.369860637717897
161,http://data.doremus.org/expression/1c2113aa-a47c-3f70-8aa7-9e693026a2a9,http://data.doremus.org/expression/1cb1272d-448f-3e1c-a445-a3ad71201e14,0.5734883822510952,0.34284016406111434,0.2112122278914614,0.34966021452603185,0.2112122278914614,0.2112122278914614
162,http://data.doremus.org/expression/15a65d9d-327a-309e-a069-16b1e4443ab3,http://data.doremus.org/expression/47e4671c-b4c1-3e87-9a6a-1ba1cbff1c7c,0.6485627497203695,0.4188577138503094,0.3576360075394348,0.3760642384181877,0.3576360075394348,0.3576360075394348
163,http://data.doremus.org/expression/2b728a1a-ac27-3af9-8707-37c7126365ac,http://data.doremus.org/expression/61bd7e36-44b8-3427-b071-376b77ff23fb,0.642783141441951,0.5327078073498281,0.4190815990143768,0.2994089358817403,0.4190815990143768,0.4190815990143768
164,http://data.doremus.org/expression/e826a3db-44cb-3307-ad47-6d26b79e6b37,http://data.doremus.org/expression/f22d0044-6f77-3c85-b363-7d0cbd1e3601,0.40811049212264044,0.17393831385802555,0.4917483936545711,0.5342294733257403,0.4917483936545711,0.4917483936545711
165,http://data.doremus.org/expression/a9fdaee7-2238-33ee-a86d-fbacf43b20b7,http://data.doremus.org/expression/6ad8877c-da7c-3ac0-bbb8-c6a1b64a9357,0.6128778591812606,0.5482632027307208,0.21398103594706863,0.4316685624742496,0.21398103594706863,0.21398103594706863
166,http://data.doremus.org/expression/ff6fafff-8c3e-3fec-bbbe-fd4ff700fe03,http://data.doremus.org/expression/ba084682-0a10-3fde-b5c8-19195de72a4c,0.32871585107164825,0.22697244341910094,0.259338079291395,0.25669556007177735,0.259338079291395,0.259338079291395
167,http://data.doremus.org/expression/90378019-237e-3834-8cf7-ba4a0827ccc5,http://data.doremus.org/expression/c0c7c780-ae8a-3c88-9860-62c97001ef11,0.617955700798838,0.4182171857215365,0.5342966873354775,0.44346634157259673,0.5342966873354775,0.5342966873354775
168,http://data.doremus.org/expression/647ed842-7890-314e-85f7-294bb20c133f,http://data.doremus.org/expression/9368f5f9-479a-31c0-be35-a8e6b23988cd,0.5763647853109352,0.401247948126056,0.302928329280289,0.2908491248959199,0.302928329280289,0.302928329280289
169,http://data.doremus.org/expression/c2d3330b-c8bc-39d1-95b1-ac1ec0328262,http://data.doremus.org/expression/33382bbe-3a12-3b62-bf2e-07841bdd1051,0.5431866713845359,0.3059190246939795,0.29503268242770253,0.423509627606406,0.29503268242770253,0.29503268242770253
170,http://data.doremus.org/expression/015aad7c-1233-3ff6-85b6-e571ec0bc3d6,http://data.doremus.org/expression/0e24302a-3b2b-312b-83e7-afda5fbcd920,0.5546176894150239,0.30330040692846705,0.39533199215094683,0.2900538078092065,0.39533199215094683,0.39533199215094683
171,http://data.doremus.org/expression/1fe5e42d-ce7b-368e-83a4-90994d68c8c1,http://data.doremus.org/expression/1e6a89ff-b34d-38f7-a415-e90ada3f9298,0.5427735923712935,0.3789752437662829,0.2670423042430462,0.3441745615839433,0.2670423042430462,0.2670423042430462
172,http://data.doremus.org/expression/b4421219-6c41-37a7-bf6f-10713a2ce36f,http://data.doremus.org/expression/36ec61c1-654b-3fe8-be24-e464e78cf803,0.5488082874199685,0.35735017504026406,0.3060622109629461,0.2515996222571684,0.3060622109629461,0.3060622109629461
173,http://data.doremus.org/expression/cf7cf38d-1d8c-3b1c-b186-064e8c33ac7a,http://data.doremus.org/expression/016f9926-fb45-3c24-b8ae-9f301474376a,0.4793827578014874,0.32996411509608614,0.3413511787873674,0.4142212556122846,0.3413511787873674,0.3413511787873674
174,http://data.doremus.org/expression/25ed4549-b1ec-37a9-879a-a5ce8b0be631,http://data.doremus.org/expression/b42fd015-ad5e-3371-a0dc-25cd2e29151e,0.5133437873357228,0.45886987058591666,0.25708436212766467,0.4232721905267318,0.25708436212766467,0.25708436212766467
175,http://data.doremus.org/expression/0e2f868b-957a-3967-be7b-3c01fac771b8,http://data.doremus.org/expression/541ecddc-759f-371e-aba1-77295a27651d,0.5921448301849839,0.4355183323317188,0.33390698519691264,0.3303151908308927,0.33390698519691264,0.33390698519691264
176,http://data.doremus.org/expression/95d42c6d-649e-3177-8bc6-8132f9793191,http://data.doremus.org/expression/a0817a8c-acd3-3d2e-8cbb-21cc0b312c73,0.6996396155180926,0.5793166087880374,0.38258682865313237,0.38477994034261087,0.38258682865313237,0.38258682865313237
177,http://data.doremus.org/expression/af797ee7-4409-3b2b-b558-cad210d62c3a,http://data.doremus.org/expression/82329170-54e8-3118-bae7-00432ec0e120,0.5831256416167645,0.3805331170283457,0.2489643199451622,0.27404530586616777,0.2489643199451622,0.2489643199451622
178,http://data.doremus.org/expression/ac1eb60c-32d7-30f3-8e8c-40c366091409,http://data.doremus.org/expression/e1eb0032-d886-3592-a5ee-d7bde8eb4a02,0.609413910247652,0.38547558945844274,0.25064585960437596,0.27383230727318164,0.25064585960437596,0.25064585960437596
179,http://data.doremus.org/expression/40a5035b-cf7e-3299-8d90-33c5aeed75d6,http://data.doremus.org/expression/2bf89d6d-a042-3357-bc37-728aa998b371,0.6555105948915362,0.3740185612171077,0.41536888744988393,0.3396266595040454,0.41536888744988393,0.41536888744988393
180,http://data.doremus.org/expression/438b1770-bf63-3ac0-b265-5296268dd8a2,http://data.doremus.org/expression/43c85a0f-6974-3420-802c-91c40d9d617e,0.39643248724610614,0.17390447225065025,0.5329669389518276,0.5355039207922707,0.5329669389518276,0.5329669389518276
181,http://data.doremus.org/expression/7309aa59-44a0-330d-96c2-308837b08031,http://data.doremus.org/expression/e914cc88-e41e-38b3-a7a5-c3bdea6f5205,0.5596434462429827,0.3730388560901815,0.32143174998728413,0.2887110992943339,0.32143174998728413,0.32143174998728413
182,http://data.doremus.org/expression/b720ef63-b9f8-3914-87a0-9a309e2bdc53,http://data.doremus.org/expression/3baebfce-de0c-3c21-851f-9eebc5c7bcc5,0.5831010283584752,0.24637887036251552,0.13696000024623975,0.19327530048434763,0.13696000024623975,0.13696000024623975
183,http://data.doremus.org/expression/50c11d0e-65e9-33bf-8937-5a41eef25d7b,http://data.doremus.org/expression/de15f478-333e-30e1-be14-110604795526,0.6143461447170291,0.5178654460817056,0.44149370876382155,0.3163590561884385,0.44149370876382155,0.44149370876382155
184,http://data.doremus.org/expression/815c72a5-7b09-3778-9548-66305c003305,http://data.doremus.org/expression/70b9cb6c-db33-343b-9219-294ee433ec86,0.543787975735133,0.36413411559093717,0.23597076652612806,0.21806084054395206,0.23597076652612806,0.23597076652612806
185,http://data.doremus.org/expression/fc619f4d-ddc8-3b1f-b501-17740ab76c00,http://data.doremus.org/expression/6e134115-df3c-3fc3-8372-974b492d0494,0.5255535337030435,0.3858707929836074,0.25510406593036183,0.22981723655318104,0.25510406593036183,0.25510406593036183
186,http://data.doremus.org/expression/48a955ee-ec79-3595-aaab-b4903ed83819,http://data.doremus.org/expression/be8299b7-9edc-3774-a52e-f7701bca1c52,0.5980661299305826,0.4372455591630713,0.2921711347153592,0.33638204556160645,0.2921711347153592,0.2921711347153592
187,http://data.doremus.org/expression/686b55f1-9d55-31b9-a5ac-090f972b3b79,http://data.doremus.org/expression/63c3d884-247b-353f-8f3d-12c807966ebf,0.6612921890381844,0.49469408786788005,0.2938127561911666,0.4060999170918762,0.2938127561911666,0.2938127561911666
188,http://data.doremus.org/expression/771b163b-a135-3a2b-ae2f-154ed9a6c1fc,http://data.doremus.org/expression/00595d46-ddeb-3bee-b9a3-1cd8799e9812,0.5741718315034149,0.35190030595676874,0.3867891863806657,0.32225126005132204,0.3867891863806657,0.3867891863806657
189,http://data.doremus.org/expression/046dc1dc-b416-3b5d-83b8-9d628dfc6004,http://data.doremus.org/expression/6c57e045-551e-3e64-bc1f-97540db7b3f4,0.5944691775384365,0.39422726588032464,0.287562006692337,0.33856677688460246,0.287562006692337,0.287562006692337
190,http://data.doremus.org/expression/8fe91e53-c7c4-3be9-ad6b-e9d75a65e293,http://data.doremus.org/expression/90b2a3c0-1a0c-3fa4-83e9-d2aadacf4bf6,0.8345570239843367,0.5174372428622899,0.5021673741762791,0.5024465402193327,0.5021673741762791,0.5021673741762791
191,http://data.doremus.org/expression/a1847165-2596-312f-bda6-8ca3cf1032b3,http://data.doremus.org/expression/942d0598-193d-331d-a02b-b3ba25592469,0.5329257008705691,0.30723481191538876,0.28091902125468615,0.08176508111150846,0.28091902125468615,0.28091902125468615
192,http://data.doremus.org/expression/c6d549f1-eadb-33fb-919e-0359271ceb69,http://data.doremus.org/expression/80a20425-de7d-31a2-a257-91c3b4d5c86e,0.6708397288563891,0.5270251712913325,0.26271664891796676,0.2775350644646152,0.26271664891796676,0.26271664891796676
193,http://data.doremus.org/expression/de78ff40-ed02-39ca-8159-eaca07ce1df4,http://data.doremus.org/expression/87c66602-8bd6-3de6-a278-0b35e7b63ee0,0.7013276857971732,0.4189607955150686,0.3395347133108854,0.26607672254768383,0.3395347133108854,0.3395347133108854
194,http://data.doremus.org/expression/b2b189b4-25b2-3d85-b701-43e3bfca5077,http://data.doremus.org/expression/17b6405a-21df-39b9-b91c-817edfbdefb5,0.543094386334919,0.38642926486919643,0.12202498957053584,0.2614685215813171,0.12202498957053584,0.12202498957053584
195,http://data.doremus.org/expression/46427fa4-8b6c-3867-83a7-e324afd36458,http://data.doremus.org/expression/5c8da245-6681-36b8-9822-2200fa43249d,0.6447382240027436,0.38816907518165816,0.43667086903550273,0.34944568407742255,0.43667086903550273,0.43667086903550273
196,http://data.doremus.org/expression/404ab32c-2009-3d37-b67a-ea7168514ab3,http://data.doremus.org/expression/cd79009e-d7ee-3669-a7a9-5a761295cacf,0.14285714285714285,0.14285714285714285,0.34407510635665794,0.18076983353912882,0.34407510635665794,0.34407510635665794
197,http://data.doremus.org/expression/dd25b274-9ec1-3968-8852-cddd0817f7e4,http://data.doremus.org/expression/6e4dd219-ff5b-3e24-871a-e0b22ead8bfd,0.16666666666666666,0.16666666666666666,0.38124532188301025,0.19332218539317245,0.38124532188301025,0.38124532188301025
198,http://data.doremus.org/expression/077b71ff-ccfa-3f0a-8ca8-bcf2144cbbd9,http://data.doremus.org/expression/033b70ec-f788-381d-9448-f0e87e99b50b,0.5665066084183732,0.492784289355223,0.3161290937376165,0.43435500308606073,0.3161290937376165,0.3161290937376165
199,http://data.doremus.org/expression/cc68c389-ca73-3116-95b0-4a4441cb9101,http://data.doremus.org/expression/7b779c26-5e2a-3af7-b0f2-2c1e0661d4b8,0.25115740740740744,0.28444444444444444,0.224734257106597,0.32861915977172956,0.224734257106597,0.224734257106597
200,http://data.doremus.org/expression/4d933c4d-767f-3607-8bca-c14653191e62,http://data.doremus.org/expression/221d1e25-9cf6-3668-aceb-a18111c8eb8d,0.4156991950267847,0.28403466762152285,0.20526447180873525,0.2773406489258187,0.20526447180873525,0.20526447180873525
201,http://data.doremus.org/expression/7e4b5322-256c-3313-81b4-d30ea78f7290,http://data.doremus.org/expression/30ed6938-e4c1-3fd6-a124-be0dbb7e9e9b,0.6856031555384007,0.42036233553537633,0.35707696482897916,0.3774546883410182,0.35707696482897916,0.35707696482897916
202,http://data.doremus.org/expression/6910c5e3-6b44-328e-9ba8-cbb05d312e95,http://data.doremus.org/expression/27e7d254-ae3c-3787-8a43-bd7e3e67d331,0.45639797561536694,0.4129476535740783,0.23755689903538735,0.2957395940329107,0.23755689903538735,0.23755689903538735
203,http://data.doremus.org/expression/5aad564e-0b51-3209-ba1e-cd5eab7c26c4,http://data.doremus.org/expression/69ba6e4c-5fec-3b3f-8f80-669c784ee9fa,0.3943600528998643,0.2069163745562394,0.21640654524002598,0.2501245547342051,0.21640654524002598,0.21640654524002598
204,http://data.doremus.org/expression/2a632fc0-0d31-34e2-baf0-ec73c5b9ac1b,http://data.doremus.org/expression/d2080513-0779-3ab1-a507-7ebbf679e7ab,0.47503372722292997,0.3368841271852824,0.3447660052571164,0.2968053622837112,0.3447660052571164,0.3447660052571164
205,http://data.doremus.org/expression/48495dd7-3c0a-33ea-9618-ab462ad2ec84,http://data.doremus.org/expression/99cc0cca-e78f-3230-af80-362ee44851b2,0.5802513862015661,0.3010126889704147,0.13470037728208087,0.30697397564198625,0.13470037728208087,0.13470037728208087
206,http://data.doremus.org/expression/573e3a7d-a771-3455-81d6-e86cff8b3ce8,http://data.doremus.org/expression/f01ca101-8f9f-39f3-a8b9-1eb2c2e881a5,0.401728494186095,0.3279592351378219,0.28908799200619756,0.19138664736028038,0.28908799200619756,0.28908799200619756
207,http://data.doremus.org/expression/f11caf53-e532-3a60-8a6c-32df1217f9f8,http://data.doremus.org/expression/3ac9a653-e29a-3f7e-beda-409e60edc082,0.619753175073053,0.3218881016466583,0.3824331325755748,0.21146536715938113,0.3824331325755748,0.3824331325755748
208,http://data.doremus.org/expression/05405c91-13b1-3336-887c-0343a4612095,http://data.doremus.org/expression/6295a0d6-bd0a-3883-800a-b0f0b08d485e,0.2,0.2,0.627945130740889,0.9131568498660665,0.627945130740889,0.627945130740889
209,http://data.doremus.org/expression/872a9eb8-51f3-3fe0-9694-9e2042c1b667,http://data.doremus.org/expression/5c7317ed-4252-3665-92d8-178f9b498da5,0.5435227214029625,0.34391618222298354,0.2943972217724385,0.20549026064188045,0.2943972217724385,0.2943972217724385
210,http://data.doremus.org/expression/91cd8584-0bfe-3aa7-96f8-5efd58a2c4a0,http://data.doremus.org/expression/2155beea-80c3-37db-8ed0-42924c85431d,0.5849700960290377,0.43408700840235404,0.3308485992019616,0.27522867962958525,0.3308485992019616,0.3308485992019616
211,http://data.doremus.org/expression/66286b33-d86d-3a98-9198-9271d600547d,http://data.doremus.org/expression/b05d7b7f-346b-39f1-862f-266a38b80da5,0.5078961885146602,0.4044867904189224,0.2511382322121326,0.1613082278806246,0.2511382322121326,0.2511382322121326
212,http://data.doremus.org/expression/d0a35099-ac44-367a-abdc-2ba3aac61c11,http://data.doremus.org/expression/8ec04443-f8bc-39ae-81ab-8933c95db782,0.3856928941956932,0.24498685555518182,0.18815032868111856,0.252039479215757,0.18815032868111856,0.18815032868111856
213,http://data.doremus.org/expression/7196fea3-3d4f-3e19-b8e3-7ccc7d0bda95,http://data.doremus.org/expression/61d77d31-0d62-3427-b3f2-246d84481153,0.6310582516560943,0.48066184603889306,0.24110333901425798,0.30467552234305184,0.24110333901425798,0.24110333901425798
214,http://data.doremus.org/expression/80c9bc6c-5895-31a7-a345-6d200707e5d4,http://data.doremus.org/expression/37e4f246-ae4a-3af7-bdfd-0354a004b341,0.14285714285714285,0.14285714285714285,0.3532262472016572,0.21736438374376704,0.3532262472016572,0.3532262472016572
215,http://data.doremus.org/expression/9c87feca-c7ec-31d5-b40f-74463e7190bc,http://data.doremus.org/expression/dcefa145-8138-3abe-bf37-37cb92f6f26c,0.14285714285714285,0.14285714285714285,0.3349520896823851,0.17914531193875277,0.3349520896823851,0.3349520896823851
216,http://data.doremus.org/expression/f37c8e21-f941-3b48-a302-944ebe6abfcf,http://data.doremus.org/expression/855eca16-a834-3968-9915-d90bb926dd1d,0.658109766240201,0.593734231345643,0.33401680245377763,0.5664172808306185,0.33401680245377763,0.33401680245377763
217,http://data.doremus.org/expression/cedd10d8-974f-3328-a36f-2a7fb336c683,http://data.doremus.org/expression/7fec4ac2-55f6-3e2d-ba2a-2674c63a2356,0.5543296234633939,0.3990163383301573,0.3495585977604551,0.2864295903238787,0.3495585977604551,0.3495585977604551
218,http://data.doremus.org/expression/ecc9da64-422b-3a47-8b07-4bb3c2ff4f1e,http://data.doremus.org/expression/c5de2f8d-622a-302e-9848-a6ee43a9ab93,0.5107420029479142,0.20873997922757165,0.198377919672721,0.16824472564185589,0.198377919672721,0.198377919672721
219,http://data.doremus.org/expression/32d7b8b1-f1fc-35f7-ba1f-ba6b23477117,http://data.doremus.org/expression/188c380b-a37e-3170-ad9f-ebf52e7c6c5a,0.5072545666841456,0.2780767093967188,0.31106005217025673,0.16051964166455238,0.31106005217025673,0.31106005217025673
220,http://data.doremus.org/expression/fe8c27ea-1dd6-36ac-bdaf-375acecfc3f1,http://data.doremus.org/expression/6f3ce9d8-bf2e-3fa7-816a-103d8e933862,0.7755537305493077,0.5550040434508744,0.49129059017343746,0.34411362792523364,0.49129059017343746,0.49129059017343746
221,http://data.doremus.org/expression/449d6f66-b868-367f-89b4-d03df8543cd8,http://data.doremus.org/expression/b13e53d4-2fd1-3f05-9e4a-65f0796fc26c,0.48136755164282163,0.36628075368947094,0.37799768877449164,0.42686196651918806,0.37799768877449164,0.37799768877449164
222,http://data.doremus.org/expression/21727ec1-08af-3adf-9a3f-bcb4444579a6,http://data.doremus.org/expression/dd4cd1d3-1511-3c20-b9de-daa04641edfc,0.4170828018897823,0.25187752780049666,0.2381128925252023,0.16613540060485604,0.2381128925252023,0.2381128925252023
